{
  "parent": "minecraft:story/root",
  "criteria": {
    "regular": {
      "trigger": "minecraft:entity_hurt_player",
      "conditions": {
        "player": [
          {
            "condition": "minecraft:reference",
            "name": "among_us:in_game"
          }
        ],
        "damage": {
          "type": {
            "is_projectile": true,
            "direct_entity": {
              "type": "minecraft:arrow",
              "nbt": "{Potion:\"minecraft:invisibility\"}"
            }
          }
        }
      }
    },
    "long": {
      "trigger": "minecraft:entity_hurt_player",
      "conditions": {
        "player": [
          {
            "condition": "minecraft:reference",
            "name": "among_us:in_game"
          }
        ],
        "damage": {
          "type": {
            "is_projectile": true,
            "direct_entity": {
              "type": "minecraft:arrow",
              "nbt": "{Potion:\"minecraft:long_invisibility\"}"
            }
          }
        }
      }
    }
  },
  "requirements": [
    [
      "regular",
      "long"
    ]
  ],
  "rewards": {
    "function": "among_us:death"
  }
}